IdGame,DateTime,Home,Away,Competition,A,D,H,H/D,D/A,H/A,"H/D&M1,5","H/D&M2,5","H/D&M3,5","H/D&M4,5","H/D&P1,5","H/D&P2,5","H/D&P3,5","H/D&P4,5","D/A&M1,5","D/A&M2,5","D/A&M3,5","D/A&M4,5","D/A&P1,5","D/A&P2,5","D/A&P3,5","D/A&P4,5","H/A&M1,5","H/A&M2,5","H/A&M3,5","H/A&M4,5","H/A&P1,5","H/A&P2,5","H/A&P3,5","H/A&P4,5",LDEM,LDEMP,H/D&LDEM,H/D&LDEMP,D/A&LDEM,D/A&LDEMP,H/A&LDEM,H/A&LDEMP,"M0,5","M1,5","M2,5","M3,5","M4,5","M5,5","P0,5","P1,5","P2,5","P3,5","P4,5","P5,5"
3368697_1,2026-02-14 14:00:00,Grenoble,Reims,Ligue 2 BKT®,1.81,3.48,4.4,,1.18,,,,,,,,,,3.78,1.98,1.53,1.28,1.52,2.35,3.68,7.55,,,,,,,,,1.74,1.73,,,2.11,2.19,,,9.0,2.98,1.68,1.25,1.07,1.02,1.05,1.28,1.9,3.12,6.45,16.2
3368847_1,2026-02-14 14:00:00,Montpellier,Le Mans,Ligue 2 BKT®,3.28,3.08,2.27,1.29,1.51,,3.45,1.9,1.54,1.33,1.8,3.12,5.1,12.2,3.78,2.09,1.74,1.49,2.15,4.05,6.55,17.2,3.62,2.4,1.59,1.39,1.83,2.42,5.05,8.7,1.83,1.66,2.35,2.36,2.62,2.88,,,7.15,2.55,1.51,1.18,1.04,1.01,1.07,1.38,2.18,3.72,8.9,24.5
3364995_1,2026-02-14 15:30:00,Eintracht Frankfurt,M'gladbach,Bundesliga,3.48,3.48,2.06,,1.65,,,,,,,,,,,,,,,,,,,,,,,,,,1.54,2.04,,,,,,,12.0,3.75,1.9,1.36,1.12,1.03,1.02,1.18,1.63,2.47,4.6,10.5
3364997_1,2026-02-14 15:30:00,Werder Breme,Bayern Munich,Bundesliga,1.3,6.2,7.8,3.18,1.06,1.09,12.5,5.95,4.85,3.62,3.18,5.3,7.45,16.0,7.05,3.2,2.06,1.5,1.15,1.37,1.78,2.65,7.15,4.0,2.13,1.6,1.18,1.34,1.84,2.55,1.51,2.1,3.78,10.5,1.61,2.16,1.74,2.09,29.5,7.15,2.88,1.83,1.36,1.14,1.01,1.06,1.26,1.69,2.48,4.45
3365101_1,2026-02-14 15:30:00,Bayer Leverkusen,St. Pauli,Bundesliga,6.1,4.4,1.47,1.1,,,4.05,2.09,1.52,1.25,1.34,1.88,2.88,5.25,,,,,,,,,,,,,,,,,1.83,1.69,1.99,1.84,,,,,11.8,3.45,1.84,1.32,1.1,1.02,1.02,1.21,1.67,2.62,5.05,12.0
3364994_1,2026-02-14 15:30:00,Hoffenheim,Fribourg,Bundesliga,4.55,4.05,1.69,1.17,1.96,1.2,4.8,2.33,1.7,1.36,1.4,1.96,2.88,5.25,6.4,3.15,2.55,2.02,2.36,4.05,5.9,13.8,4.9,2.98,1.76,1.45,1.45,1.77,2.98,4.6,1.59,1.95,1.85,2.33,2.65,4.7,2.14,2.11,13.0,3.85,1.97,1.38,1.13,1.04,1.02,1.18,1.61,2.45,4.4,9.9
3364993_1,2026-02-14 15:30:00,Hambourg,Union Berlin,Bundesliga,3.05,3.22,2.36,1.32,1.51,,,,,,,,,,4.05,2.2,1.79,1.51,2.07,3.7,5.9,14.5,,,,,,,,,1.78,1.73,,,2.44,2.85,,,8.1,2.68,1.57,1.2,1.05,1.01,1.05,1.33,2.02,3.38,7.7,20.5
3368614_1,2026-02-14 16:00:00,Derby County,Swansea,Championship,2.88,3.1,2.29,1.34,1.47,1.28,3.52,1.95,1.57,1.34,1.77,2.98,4.7,10.5,3.72,2.06,1.68,1.43,1.95,3.45,5.4,12.8,3.52,2.35,1.55,1.35,1.71,2.22,4.4,7.15,1.77,1.71,2.26,2.45,2.4,2.75,2.7,2.0,7.65,2.6,1.55,1.19,1.05,1.01,1.05,1.33,2.03,3.35,7.3,18.8
3368613_1,2026-02-14 16:00:00,Sheffield Wednesday,Millwall,Championship,1.28,4.75,8.35,2.98,,,6.25,3.62,3.12,2.55,3.82,8.65,13.2,40.0,,,,,,,,,,,,,,,,,2.02,1.52,4.45,5.8,,,,,10.8,3.18,1.82,1.31,1.1,1.02,1.02,1.21,1.69,2.68,4.75,10.8
3368611_1,2026-02-14 16:00:00,Preston North End,Watford,Championship,2.18,3.15,3.0,1.51,1.32,1.27,3.98,2.16,1.76,1.47,1.96,3.42,5.25,12.2,3.68,1.99,1.59,1.34,1.69,2.75,4.3,9.25,3.68,2.44,1.58,1.36,1.66,2.13,4.1,6.55,1.72,1.76,2.39,2.95,2.17,2.47,2.58,2.04,8.25,2.72,1.6,1.21,1.06,1.01,1.05,1.3,1.94,3.18,6.55,16.2
3368610_1,2026-02-14 16:00:00,Portsmouth,Sheffield United,Championship,2.04,3.35,3.1,,1.3,,,,,,,,,,3.95,2.09,1.62,1.35,1.61,2.5,3.82,7.8,,,,,,,,,1.67,1.82,,,2.09,2.5,,,9.45,2.9,1.69,1.25,1.07,1.01,1.04,1.26,1.82,2.95,5.65,13.5
3368615_1,2026-02-14 16:00:00,QPR,Blackburn,Championship,3.3,3.12,2.05,1.27,1.58,1.28,3.3,1.85,1.49,1.28,1.69,2.8,4.5,9.9,3.75,2.12,1.75,1.49,2.15,3.98,6.3,15.8,3.45,2.29,1.53,1.34,1.71,2.25,4.5,7.4,1.82,1.66,2.24,2.21,2.6,2.92,2.78,1.95,7.4,2.52,1.52,1.17,1.04,1.01,1.06,1.34,2.07,3.48,7.7,20.5
3364932_1,2026-02-14 16:15:00,Getafe,Villarreal,LaLiga,2.27,3.02,3.45,1.53,1.26,1.32,3.42,2.0,1.68,1.47,2.33,4.7,7.9,22.5,3.05,1.77,1.46,1.28,1.87,3.38,5.8,14.5,3.32,2.23,1.54,1.37,1.94,2.65,5.85,10.5,1.99,1.57,2.72,2.6,2.4,2.07,3.15,1.88,6.4,2.23,1.4,1.12,1.02,1.01,1.08,1.43,2.3,3.88,11.2,30.0
3368870_1,2026-02-14 16:15:00,Burgos CF,Cadix,LaLiga2,3.72,2.92,1.96,1.2,,,,,,,,,,,,,,,,,,,,,,,,,,,1.99,1.55,2.34,1.94,,,,,6.25,2.3,1.42,1.13,1.03,1.01,1.07,1.42,2.28,3.9,9.7,27.5
3368844_1,2026-02-14 16:30:00,Ironi Kiryat Shmona,Ironi Tiberias,Premier League,3.25,3.32,1.92,1.25,1.61,1.24,4.4,2.23,1.7,1.39,1.57,2.39,3.62,7.3,5.15,2.62,2.09,1.7,2.08,3.52,5.3,12.2,4.4,2.8,1.7,1.44,1.57,1.97,3.58,5.65,1.6,1.87,,,2.5,3.78,2.39,2.21,10.5,3.3,1.76,1.28,1.09,1.02,1.03,1.22,1.72,2.7,5.25,13.0
3371947_1,2026-02-14 16:30:00,Naxxar Lions FC,Sliema,Premier League,1.73,3.3,3.85,1.78,,,,,,,,,,,,,,,,,,,,,,,,,,,1.67,1.72,2.44,3.35,,,,,8.4,2.75,1.64,1.23,1.06,1.01,1.03,1.23,1.75,2.72,5.2,12.2
3367304_1,2026-02-14 17:00:00,TSV Hartberg,SCR Altach,Bundesliga,2.75,3.02,2.34,1.35,1.46,1.3,,,,,,,,,,,,,,,,,,,,,,,,,1.86,1.69,2.34,2.4,2.47,2.65,2.78,1.96,7.35,2.52,1.52,1.17,1.04,1.01,1.06,1.36,2.12,3.6,7.9,21.0
3367306_1,2026-02-14 17:00:00,SV Ried,LASK Linz,Bundesliga,2.45,3.18,2.52,1.42,1.41,1.28,,,,,,,,,4.2,2.21,1.75,1.44,1.75,2.82,4.25,9.05,,,,,,,,,1.66,1.9,2.19,2.9,2.18,2.88,2.37,2.13,9.55,3.0,1.72,1.27,1.08,1.02,1.04,1.26,1.82,2.95,5.55,13.0
3361679_1,2026-02-14 17:00:00,WSG Swarovski Tirol,Sturm Graz,Bundesliga,2.2,3.08,2.92,1.52,1.31,1.29,4.2,2.24,1.81,1.5,1.92,3.28,4.95,11.2,3.88,2.05,1.62,1.36,1.65,2.65,4.0,8.45,3.88,2.52,1.61,1.38,1.62,2.05,3.85,6.05,1.7,1.85,2.33,3.08,2.11,2.55,2.48,2.1,8.8,2.9,1.67,1.24,1.07,1.01,1.04,1.27,1.88,3.05,5.95,14.2
3364905_1,2026-02-14 17:00:00,Marseille,Strasbourg,Ligue 1 McDonald's®,3.98,4.05,1.85,1.21,1.86,1.2,5.4,2.55,1.84,1.44,1.41,1.94,2.78,4.95,6.9,3.28,2.58,2.0,2.16,3.45,4.95,10.5,5.3,3.22,1.83,1.5,1.41,1.7,2.78,4.15,1.51,2.1,1.8,2.6,2.45,4.75,2.0,2.25,15.5,4.05,2.08,1.44,1.16,1.05,1.02,1.15,1.51,2.25,3.9,8.05
3368948_1,2026-02-14 17:15:00,US Catanzaro,Mantova,Serie B,3.78,3.32,1.77,1.21,,,,,,,,,,,,,,,,,,,,,,,,,,,1.58,1.93,1.89,2.42,,,,,10.8,3.35,1.86,1.34,1.11,1.03,1.03,1.2,1.69,2.62,4.6,10.0
3369936_1,2026-02-14 17:30:00,Maccabi Bney Reine,Maccabi Netanya,Premier League,1.82,3.55,3.38,1.69,1.23,1.22,6.65,3.12,2.43,1.89,2.01,3.15,4.5,9.45,5.5,2.58,1.88,1.47,1.45,2.03,2.88,5.3,5.35,3.28,1.86,1.52,1.44,1.74,2.85,4.25,1.46,2.1,2.39,4.7,1.87,2.92,2.08,2.43,14.5,4.25,2.04,1.43,1.15,1.04,1.02,1.14,1.51,2.23,3.8,8.45
3364704_1,2026-02-14 18:00:00,Lazio Rome,Atalanta Bergame,Serie A,2.14,3.28,3.48,1.58,1.26,1.28,4.45,2.35,1.92,1.59,2.1,3.78,5.8,14.2,3.92,2.05,1.61,1.35,1.65,2.65,4.15,9.0,4.05,2.62,1.66,1.42,1.68,2.16,4.15,6.8,1.71,1.8,2.42,3.2,2.08,2.39,2.55,2.07,8.9,2.8,1.63,1.23,1.06,1.01,1.04,1.28,1.9,3.08,6.75,16.5
3369941_1,2026-02-14 18:30:00,MS Ashdod,Hapoel Be`er Sheva FC,Premier League,1.27,4.95,7.15,2.88,1.07,1.11,,,,,,,,,,,,,,,,,,,,,,,,,1.68,1.77,4.1,8.05,1.87,1.95,2.15,1.92,17.0,4.75,2.22,1.5,1.19,1.06,1.01,1.12,1.43,2.07,3.32,7.15
3364929_1,2026-02-14 18:30:00,Sevilla,Alaves,LaLiga,4.05,3.15,2.02,,1.66,,,,,,,,,,3.95,2.21,1.87,1.6,2.43,4.9,7.85,22.0,,,,,,,,,1.9,1.63,,,2.75,3.05,,,7.2,2.43,1.48,1.16,1.04,1.01,1.06,1.35,2.12,3.5,9.0,24.0
3364998_1,2026-02-14 18:30:00,Stuttgart,Cologne,Bundesliga,6.0,5.05,1.44,1.11,2.48,1.14,6.2,2.82,1.92,1.44,1.23,1.55,2.11,3.38,9.6,4.45,3.58,2.7,2.65,4.35,6.1,13.2,6.3,3.62,1.98,1.55,1.27,1.48,2.19,3.15,1.5,2.12,1.66,2.32,3.02,7.35,1.84,2.18,21.0,5.55,2.5,1.63,1.26,1.09,1.01,1.1,1.37,1.93,2.98,5.85
3368955_1,2026-02-14 18:30:00,Cultural Leonesa,Real Saragosse,LaLiga2,3.22,3.0,2.1,1.26,1.57,,3.38,1.87,1.5,1.29,1.66,2.75,4.35,9.45,,,,,,,,,,,,,,,,,1.78,1.7,2.19,2.26,,,,,7.5,2.6,1.54,1.19,1.05,1.01,1.05,1.33,2.03,3.35,7.3,18.8
3364903_1,2026-02-14 19:00:00,Lille,Brest,Ligue 1 McDonald's®,5.75,4.25,1.59,1.12,,1.18,3.92,2.04,1.51,1.26,1.39,2.01,3.1,5.85,,,,,,,,,4.2,2.58,1.62,1.36,1.48,1.87,3.3,5.35,1.81,1.7,2.0,1.91,3.28,4.65,2.42,1.84,11.2,3.12,1.78,1.29,1.09,1.02,1.03,1.23,1.73,2.75,5.45,12.8
3368949_1,2026-02-14 19:30:00,Cesena,Venise,Serie B,1.9,3.12,3.52,,1.23,,,,,,,,,,4.25,2.13,1.64,1.34,1.47,2.2,3.2,6.2,,,,,,,,,1.57,1.95,,,1.9,2.52,,,10.0,3.28,1.82,1.32,1.1,1.03,1.03,1.21,1.73,2.68,4.8,10.5
3368851_1,2026-02-14 20:00:00,Guingamp,Saint-Etienne,Ligue 2 BKT®,2.75,3.55,2.36,1.39,1.47,1.24,4.9,2.44,1.87,1.51,1.72,2.65,3.98,8.2,5.05,2.52,1.95,1.58,1.81,2.88,4.3,9.05,4.55,2.88,1.72,1.45,1.55,1.93,3.48,5.4,1.56,1.96,2.15,3.12,2.24,3.35,2.3,2.29,11.5,3.45,1.85,1.33,1.11,1.03,1.03,1.22,1.72,2.72,5.15,12.0
3368868_1,2026-02-14 20:30:00,Dynamo Dresden,Elversberg,Bundesliga 2,2.04,3.38,3.0,1.57,1.3,,5.15,2.58,2.04,1.63,1.85,2.95,4.25,9.0,4.65,2.31,1.76,1.42,1.54,2.27,3.3,6.35,4.45,2.85,1.71,1.43,1.48,1.82,3.15,4.7,1.54,2.0,2.23,3.65,1.95,2.8,,,11.5,3.32,1.88,1.34,1.11,1.03,1.02,1.19,1.65,2.52,4.4,9.65
3364703_1,2026-02-14 20:45:00,Inter Milan,Juventus,Serie A,4.0,3.3,2.01,1.21,,,3.78,1.98,1.54,1.3,1.57,2.49,3.9,8.25,,,,,,,,,,,,,,,,,1.74,1.76,2.05,2.2,,,,,8.8,2.8,1.63,1.23,1.06,1.01,1.04,1.28,1.9,3.08,6.75,16.5
3364930_1,2026-02-14 21:00:00,Real Madrid,Real Sociedad,LaLiga,8.8,6.0,1.32,1.07,3.2,1.11,5.55,2.65,1.78,1.36,1.18,1.47,2.03,3.2,10.0,5.05,4.25,3.3,3.52,6.5,9.45,23.0,5.85,3.32,1.88,1.46,1.23,1.45,2.12,3.1,1.67,1.85,1.76,1.9,4.05,8.7,1.97,1.87,20.5,5.1,2.39,1.59,1.23,1.08,1.01,1.1,1.37,1.93,3.05,5.8
3368951_1,2026-02-14 21:00:00,Grenade,Valladolid,LaLiga2,3.25,2.95,2.11,1.26,1.56,1.26,2.98,1.74,1.42,1.25,1.78,3.1,5.2,12.0,3.38,1.99,1.67,1.44,2.27,4.45,7.35,19.5,3.15,2.14,1.48,1.31,1.82,2.45,5.2,8.9,1.96,1.56,2.39,2.07,2.75,2.68,3.08,1.86,6.45,2.3,1.43,1.13,1.03,1.01,1.07,1.42,2.28,3.9,9.7,27.5
3364914_1,2026-02-14 21:05:00,Paris FC,Racing Club De Lens,Ligue 1 McDonald's®,1.94,3.65,4.0,1.77,1.21,1.23,,,,,,,,,4.45,2.21,1.67,1.36,1.49,2.2,3.3,6.45,4.55,2.85,1.72,1.44,1.53,1.91,3.4,5.3,1.62,1.91,2.52,4.0,1.93,2.38,2.27,2.11,11.5,3.28,1.81,1.31,1.1,1.02,1.03,1.21,1.7,2.65,5.15,11.5
3372598_1,2026-02-15 11:00:00,Floriana FC,Tarxien Rainbows,Premier League,9.05,4.3,1.22,1.04,3.1,,,,,,,,,,5.9,3.5,3.1,2.45,3.18,7.2,10.5,29.5,,,,,,,,,1.87,1.55,1.8,1.52,3.85,6.05,,,11.2,3.35,1.96,1.39,1.13,1.04,1.01,1.14,1.49,2.18,3.48,7.1
3364874_1,2026-02-15 12:30:00,Udinese,Sassuolo,Serie A,3.05,3.02,2.42,1.32,,,3.72,1.99,1.61,1.37,1.79,3.1,4.9,11.5,,,,,,,,,,,,,,,,,1.76,1.75,2.2,2.46,,,,,7.8,2.62,1.55,1.19,1.05,1.01,1.06,1.32,2.03,3.32,7.85,20.0
3369266_1,2026-02-15 13:30:00,Holstein Kiel,Schalke 04,Bundesliga 2,2.24,3.15,2.8,1.47,1.34,1.27,4.15,2.2,1.77,1.47,1.87,3.15,4.8,10.8,3.92,2.08,1.65,1.38,1.7,2.75,4.2,8.9,3.82,2.52,1.6,1.38,1.62,2.06,3.88,6.1,1.67,1.81,2.3,2.98,2.15,2.62,2.47,2.09,8.8,2.82,1.65,1.24,1.07,1.01,1.04,1.27,1.87,3.02,6.0,14.5
3369267_1,2026-02-15 13:30:00,Bochum,Paderborn,Bundesliga 2,2.62,3.42,2.24,1.38,1.47,,5.3,2.55,1.94,1.52,1.58,2.31,3.28,6.25,5.5,2.65,2.03,1.6,1.68,2.52,3.55,7.0,4.85,3.08,1.78,1.48,1.44,1.74,2.9,4.25,1.47,2.14,1.95,3.25,2.04,3.58,,,13.2,3.6,2.0,1.4,1.14,1.04,1.02,1.16,1.56,2.34,3.88,8.05
3369268_1,2026-02-15 13:30:00,Magdeburg,Arminia Bielefeld,Bundesliga 2,3.0,3.52,1.99,1.3,1.6,1.23,5.55,2.62,1.94,1.5,1.46,2.03,2.82,5.05,6.25,2.95,2.27,1.74,1.77,2.65,3.68,7.2,5.2,3.25,1.85,1.51,1.4,1.66,2.68,3.82,1.43,2.22,1.83,3.12,2.12,4.2,1.95,2.44,14.8,3.88,2.13,1.47,1.17,1.05,1.01,1.14,1.49,2.18,3.5,6.9
3369675_1,2026-02-15 14:00:00,Mirandes,Las Palmas,LaLiga2,2.19,2.92,2.95,1.51,1.3,1.26,3.5,2.0,1.66,1.43,2.1,3.92,6.3,15.8,3.2,1.83,1.49,1.29,1.78,3.08,5.0,11.5,3.3,2.23,1.51,1.33,1.77,2.35,4.85,8.1,1.87,1.63,2.58,2.68,2.34,2.24,2.9,1.93,6.9,2.42,1.47,1.15,1.03,1.01,1.06,1.38,2.17,3.68,8.55,23.5
3364931_1,2026-02-15 14:00:00,Real Oviedo,Athletic Bilbao,LaLiga,2.11,3.12,3.62,1.58,1.25,1.31,3.88,2.16,1.8,1.54,2.28,4.45,7.1,19.2,3.35,1.85,1.49,1.29,1.73,2.95,4.85,11.2,3.62,2.39,1.59,1.39,1.82,2.41,5.0,8.65,1.86,1.66,2.62,2.9,2.23,2.15,2.88,1.95,7.3,2.44,1.48,1.16,1.04,1.01,1.06,1.35,2.1,3.48,8.9,23.5
3367866_1,2026-02-15 14:30:00,Grazer AK 1902,RB Salzbourg,Bundesliga,1.69,3.52,4.1,1.91,1.18,1.23,,,,,,,,,4.15,2.12,1.59,1.3,1.4,2.0,2.95,5.45,,,,,,,,,1.66,1.9,2.68,4.35,1.91,2.25,2.26,2.06,11.0,3.32,1.86,1.33,1.11,1.03,1.03,1.21,1.69,2.65,4.6,10.2
3367856_1,2026-02-15 14:30:00,Blau-Weiss Linz,Wolfsberger AC,Bundesliga,2.3,3.22,2.68,1.47,1.37,1.27,4.05,2.18,1.75,1.46,1.88,3.15,4.9,10.8,,,,,,,,,,,,,,,,,1.73,1.81,2.34,2.88,2.22,2.62,2.49,2.04,8.85,2.82,1.65,1.23,1.06,1.01,1.04,1.29,1.91,3.15,6.25,15.5
3370063_1,2026-02-15 15:00:00,Spezia,Frosinone,Serie B,2.25,3.25,2.58,,,,,,,,,,,,,,,,,,,,,,,,,,,,1.58,1.89,,,,,,,10.2,2.85,1.7,1.26,1.07,1.01,1.02,1.21,1.69,2.6,5.15,11.8
3370062_1,2026-02-15 15:00:00,Bari,FC Sudtirol,Serie B,2.27,2.95,2.78,,,,,,,,,,,,,,,,,,,,,,,,,,,,1.82,1.64,,,,,,,7.0,2.33,1.45,1.14,1.03,1.01,1.05,1.33,2.05,3.3,8.3,22.0
3364918_1,2026-02-15 15:00:00,Le Havre,Toulouse,Ligue 1 McDonald's®,2.3,3.15,3.15,1.52,1.3,1.26,4.0,2.18,1.79,1.52,2.12,3.88,6.2,15.5,3.62,1.97,1.58,1.35,1.77,3.0,4.85,11.2,3.72,2.44,1.59,1.39,1.76,2.31,4.7,7.9,1.8,1.71,2.49,2.85,2.23,2.33,2.72,1.99,8.05,2.58,1.54,1.18,1.05,1.01,1.05,1.33,2.04,3.38,8.05,21.0
3364958_1,2026-02-15 15:00:00,Parme,Hellas Verone,Serie A,3.32,2.95,2.32,1.27,1.52,1.31,3.18,1.81,1.48,1.3,1.83,3.28,5.5,13.5,3.55,2.02,1.7,1.47,2.25,4.45,7.35,20.0,3.45,2.3,1.56,1.38,1.9,2.58,5.55,9.8,1.93,1.61,2.33,2.14,2.62,2.65,3.05,1.93,6.7,2.34,1.44,1.14,1.03,1.01,1.07,1.4,2.25,3.82,10.2,28.5
3364875_1,2026-02-15 15:00:00,Cremonese,Genoa,Serie A,2.38,2.98,3.18,1.46,1.3,1.31,3.5,1.98,1.66,1.44,2.15,4.15,6.85,18.5,3.25,1.84,1.52,1.32,1.89,3.42,5.7,14.2,3.48,2.32,1.57,1.39,1.91,2.58,5.6,9.8,1.89,1.61,2.55,2.58,2.35,2.23,3.05,1.95,6.7,2.35,1.44,1.14,1.03,1.01,1.07,1.4,2.25,3.8,10.2,28.5
3369672_1,2026-02-15 15:00:00,AC Monza,Juve Stabia,Serie B,4.75,3.4,1.58,1.13,1.96,1.2,,,,,,,,,4.1,2.42,2.04,1.73,2.85,6.05,9.8,28.0,,,,,,,,,1.99,1.52,2.27,1.78,3.32,3.48,2.95,1.75,7.3,2.34,1.46,1.14,1.03,1.01,1.05,1.33,2.01,3.28,8.05,21.5
3364999_1,2026-02-15 15:30:00,Augsbourg,Heidenheim,Bundesliga,3.88,3.72,1.83,,1.8,,,,,,,,,,6.05,2.95,2.36,1.88,2.17,3.62,5.3,11.8,,,,,,,,,1.57,1.99,,,2.46,4.25,,,12.5,3.78,1.92,1.36,1.12,1.03,1.02,1.18,1.61,2.46,4.55,10.2
3364928_1,2026-02-15 16:15:00,Rayo Vallecano,Atletico Madrid,LaLiga,1.8,3.6,4.25,1.84,1.19,1.23,4.95,2.65,2.17,1.8,2.45,4.55,7.05,18.0,3.85,2.02,1.54,1.29,1.52,2.34,3.68,7.45,4.05,2.55,1.62,1.38,1.6,2.05,3.82,6.3,1.74,1.73,2.78,3.72,2.05,2.12,2.49,1.96,9.7,2.85,1.66,1.24,1.07,1.01,1.04,1.26,1.83,2.92,6.35,15.5
3369370_1,2026-02-15 16:15:00,Huesca,AD Ceuta,LaLiga2,3.15,2.95,2.06,1.25,1.55,,3.15,1.8,1.46,1.27,1.73,2.92,4.8,10.8,,,,,,,,,,,,,,,,,1.83,1.58,2.3,2.15,2.65,2.8,,,6.9,2.36,1.46,1.15,1.03,1.01,1.06,1.36,2.11,3.48,8.5,23.0
3369676_1,2026-02-15 16:15:00,Eibar,Racing Santander,LaLiga2,2.78,3.05,2.21,1.32,1.48,1.25,3.78,2.04,1.62,1.36,1.7,2.75,4.25,9.1,4.05,2.18,1.76,1.47,1.92,3.28,5.05,11.5,3.75,2.47,1.59,1.37,1.64,2.09,3.98,6.3,1.66,1.74,2.17,2.55,2.35,2.95,2.52,2.06,8.55,2.68,1.6,1.21,1.06,1.01,1.04,1.27,1.87,3.0,6.3,15.5
3372465_1,2026-02-15 16:30:00,Marsaxlokk FC,Hibernians FC,Premier League,3.28,3.25,1.83,1.22,,1.19,,,,,,,,,4.5,2.41,1.95,1.56,1.81,2.95,4.15,8.5,,,,,,,,,1.53,1.91,1.76,2.31,2.16,3.48,2.0,2.0,10.2,3.05,1.8,1.31,1.1,1.02,1.02,1.17,1.6,2.4,4.15,9.0
3367835_1,2026-02-15 17:00:00,Austria Vienne,SK Rapid,Bundesliga,2.68,3.08,2.26,1.35,1.45,1.27,4.2,2.18,1.71,1.41,1.67,2.62,3.92,8.15,,,,,,,,,,,,,,,,,1.6,1.87,,,2.21,3.1,2.36,2.16,9.6,2.9,1.69,1.26,1.07,1.02,1.03,1.23,1.75,2.75,5.35,12.5
3364921_1,2026-02-15 17:15:00,Metz,Auxerre,Ligue 1 McDonald's®,2.6,3.0,2.85,1.42,1.36,1.28,3.95,2.1,1.71,1.45,1.92,3.4,5.35,13.0,3.85,2.04,1.65,1.4,1.83,3.18,4.95,11.8,3.9,2.55,1.65,1.43,1.77,2.31,4.65,7.7,1.74,1.77,2.29,2.72,2.22,2.58,2.68,2.07,8.0,2.65,1.56,1.2,1.05,1.01,1.05,1.31,2.0,3.28,7.65,19.2
3364920_1,2026-02-15 17:15:00,Lorient,Angers,Ligue 1 McDonald's®,4.35,3.2,1.9,1.17,1.77,1.24,3.28,1.81,1.44,1.24,1.61,2.65,4.35,9.5,4.2,2.35,1.98,1.69,2.58,5.25,8.4,24.0,3.65,2.37,1.57,1.37,1.75,2.32,4.65,8.05,1.9,1.63,2.18,1.96,2.88,3.28,2.88,1.88,7.6,2.52,1.52,1.17,1.04,1.01,1.06,1.34,2.08,3.48,8.45,22.5
3370061_1,2026-02-15 17:15:00,Empoli,Reggiana 1919,Serie B,3.68,3.18,1.8,1.2,1.69,,3.08,1.77,1.42,1.23,1.64,2.7,4.45,9.65,3.78,2.19,1.83,1.56,2.41,4.75,7.65,20.5,3.28,2.18,1.48,1.3,1.72,2.28,4.6,7.75,1.9,1.58,2.28,2.0,2.88,3.05,,,7.15,2.31,1.45,1.14,1.03,1.01,1.05,1.34,2.04,3.32,8.3,22.5
3364996_1,2026-02-15 17:30:00,RB Leipzig,Wolfsbourg,Bundesliga,5.75,5.0,1.44,1.11,,,,,,,,,,,,,,,,,,,,,,,,,,,1.46,2.19,1.63,2.4,,,,,22.5,5.95,2.58,1.67,1.28,1.1,1.01,1.08,1.33,1.84,2.8,5.4
3364957_1,2026-02-15 18:00:00,Torino,Bologne,Serie A,2.37,3.15,3.0,1.47,1.33,,4.3,2.24,1.81,1.51,1.93,3.35,5.15,12.2,,,,,,,,,,,,,,,,,1.67,1.81,2.27,2.95,,,,,8.9,2.8,1.63,1.23,1.06,1.01,1.04,1.28,1.9,3.05,6.75,16.5
3369369_1,2026-02-15 18:30:00,Albacete,Sporting Gijon,LaLiga2,2.78,3.1,2.18,,1.5,,,,,,,,,,4.4,2.3,1.84,1.51,1.87,3.1,4.65,10.2,,,,,,,,,1.59,1.81,,,2.28,3.15,,,9.5,2.85,1.68,1.25,1.07,1.01,1.03,1.23,1.77,2.78,5.5,13.0
3364933_1,2026-02-15 18:30:00,Levante,Valence,LaLiga,2.52,3.32,2.68,1.42,1.41,1.27,4.3,2.23,1.77,1.48,1.85,3.1,4.8,10.8,4.25,2.22,1.76,1.47,1.84,3.05,4.75,10.5,4.05,2.62,1.65,1.42,1.67,2.13,4.1,6.65,1.67,1.81,2.23,2.8,2.22,2.78,2.46,2.09,9.45,2.82,1.64,1.23,1.06,1.01,1.04,1.26,1.85,2.98,6.55,16.0
3369441_1,2026-02-15 19:15:00,Maccabi Haifa,Bnei Sakhnin FC,Premier League,6.9,4.2,1.29,1.06,2.68,1.11,3.95,2.06,1.48,1.22,1.28,1.76,2.68,4.75,,,,,,,,,,,,,,,,,1.91,1.57,2.13,1.72,4.45,6.35,2.55,1.73,12.0,3.58,1.85,1.32,1.1,1.02,1.02,1.18,1.62,2.49,4.6,11.2
3370065_1,2026-02-15 19:30:00,US Avellino,Delfino Pescara,Serie B,2.98,3.22,2.03,1.3,1.53,1.23,,,,,,,,,4.8,2.44,1.94,1.57,1.86,3.02,4.45,9.6,,,,,,,,,1.56,1.92,2.0,2.72,2.24,3.42,2.27,2.2,10.5,2.95,1.73,1.28,1.08,1.02,1.02,1.19,1.66,2.52,4.9,11.0
3364902_1,2026-02-15 20:45:00,Lyon,Nice,Ligue 1 McDonald's®,5.25,4.1,1.6,1.13,2.17,1.16,4.55,2.25,1.63,1.31,1.35,1.88,2.78,5.05,6.6,3.32,2.72,2.18,2.65,4.8,7.1,17.5,4.75,2.88,1.73,1.42,1.42,1.76,2.95,4.55,1.66,1.86,1.87,2.11,2.98,5.1,2.2,1.99,13.2,3.62,1.94,1.37,1.13,1.03,1.02,1.18,1.6,2.45,4.5,9.75
3364959_1,2026-02-15 20:45:00,Naples,AS Rome,Serie A,3.28,2.92,2.37,1.28,1.5,1.31,3.22,1.82,1.49,1.3,1.84,3.32,5.55,13.5,3.55,2.01,1.69,1.46,2.21,4.35,7.1,19.5,3.48,2.32,1.57,1.39,1.9,2.55,5.55,9.75,1.89,1.61,2.33,2.17,2.58,2.65,3.05,1.94,6.7,2.35,1.44,1.14,1.03,1.01,1.07,1.4,2.25,3.8,10.2,28.0
3369436_1,2026-02-15 21:00:00,CD Castellon,RC Deportivo De La Coruna,LaLiga2,3.7,3.3,1.77,1.19,1.78,1.21,,,,,,,,,,,,,,,,,,,,,,,,,1.6,1.8,1.94,2.31,2.58,3.98,2.31,2.08,10.2,3.02,1.75,1.28,1.09,1.02,1.03,1.21,1.7,2.62,4.95,11.2
3364935_1,2026-02-15 21:00:00,Majorque,Betis Seville,LaLiga,2.38,3.22,2.95,1.47,1.34,1.28,4.3,2.25,1.81,1.51,1.93,3.32,5.1,12.0,4.1,2.14,1.69,1.41,1.76,2.9,4.5,10.0,4.05,2.65,1.66,1.43,1.69,2.17,4.2,6.8,1.67,1.81,2.28,2.95,2.15,2.62,2.5,2.1,9.05,2.8,1.62,1.23,1.06,1.01,1.04,1.27,1.87,3.0,6.65,16.2
3370064_1,2026-02-16 19:30:00,Beitar Jerusalem,Maccabi Tel Aviv,Premier League,2.1,3.48,2.46,1.4,1.32,1.18,7.4,3.28,2.4,1.8,1.67,2.35,3.22,5.95,7.1,3.15,2.27,1.7,1.56,2.15,2.95,5.25,6.2,3.75,2.0,1.61,1.38,1.62,2.52,3.6,1.36,2.36,2.02,4.4,1.91,3.92,1.88,2.72,18.8,5.15,2.21,1.52,1.2,1.06,1.01,1.09,1.37,1.92,3.12,6.45
3369975_1,2026-02-16 20:30:00,Real Sociedad B,Malaga,LaLiga2,2.19,3.05,2.68,1.44,1.33,,4.3,2.25,1.8,1.48,1.83,3.05,4.55,10.0,,,,,,,,,,,,,,,,,1.6,1.8,2.25,3.05,,,,,9.25,2.75,1.64,1.23,1.06,1.01,1.03,1.23,1.76,2.72,5.65,13.2
3364956_1,2026-02-16 20:45:00,Cagliari,Lecce,Serie A,3.68,3.0,2.11,1.22,1.56,,3.02,1.74,1.43,1.26,1.81,3.25,5.55,13.5,,,,,,,,,,,,,,,,,1.92,1.52,2.37,2.0,,,,,6.25,2.22,1.39,1.12,1.02,1.01,1.07,1.41,2.27,3.78,11.0,30.0
3369818_1,2026-02-16 20:45:00,Bastia,Troyes,Ligue 2 BKT®,2.9,2.98,2.39,1.31,1.45,1.24,3.4,1.91,1.55,1.35,1.89,3.38,5.6,13.8,3.6,2.03,1.68,1.45,2.12,3.98,6.55,17.0,3.48,2.32,1.56,1.38,1.85,2.48,5.3,9.2,1.81,1.59,2.46,2.39,2.62,2.7,3.05,2.01,7.0,2.42,1.43,1.13,1.03,1.01,1.05,1.35,2.08,3.38,9.55,27.0
3368612_1,2026-02-16 21:00:00,Coventry City,Middlesbrough,Championship,2.75,3.18,1.99,1.3,,,5.0,2.44,1.84,1.46,1.52,2.2,3.15,5.9,,,,,,,,,,,,,,,,,1.46,2.02,1.91,2.98,,,,,12.8,3.42,1.89,1.35,1.12,1.03,1.02,1.15,1.54,2.27,4.0,8.45
3364936_1,2026-02-16 21:00:00,Gerone,FC Barcelone,LaLiga,1.35,5.9,6.3,2.85,1.09,1.1,12.2,5.7,4.5,3.32,2.9,4.55,6.45,13.0,7.25,3.28,2.1,1.53,1.17,1.41,1.84,2.75,7.1,4.0,2.11,1.6,1.19,1.35,1.88,2.6,1.42,2.1,3.4,9.5,1.6,2.33,1.69,2.2,30.0,6.6,2.78,1.78,1.33,1.13,1.01,1.06,1.25,1.68,2.46,4.35
3368609_1,2026-02-17 20:45:00,Charlton,Portsmouth,Championship,2.98,2.9,2.0,1.26,1.53,,3.3,1.86,1.49,1.29,1.71,2.88,4.6,10.2,,,,,,,,,,,,,,,,,1.78,1.62,2.26,2.23,,,,,7.35,2.37,1.47,1.15,1.03,1.01,1.05,1.32,2.0,3.22,7.85,21.0
3370474_1,2026-02-17 20:45:00,Bristol City,Wrexham,Championship,3.0,3.22,1.86,1.25,,,4.0,2.11,1.62,1.35,1.56,2.37,3.6,7.1,,,,,,,,,,,,,,,,,1.62,1.78,2.06,2.45,,,,,10.0,2.78,1.67,1.24,1.07,1.01,1.03,1.22,1.72,2.68,5.35,12.5
3369052_1,2026-02-18 20:00:00,Levante,Villarreal,LaLiga,1.76,3.68,3.82,1.81,1.2,1.19,6.65,3.18,2.52,1.96,2.15,3.48,5.0,10.8,5.25,2.49,1.81,1.42,1.41,1.97,2.82,5.15,5.25,3.2,1.83,1.5,1.44,1.74,2.88,4.3,1.47,1.99,2.43,4.65,1.81,2.58,2.04,2.25,14.0,3.95,1.99,1.4,1.14,1.04,1.02,1.14,1.52,2.24,4.05,8.4
3365316_1,2026-02-18 20:45:00,Milan AC,Come,Serie A,2.72,3.2,2.43,1.36,1.43,1.25,4.55,2.3,1.8,1.47,1.73,2.78,4.2,9.0,4.7,2.37,1.87,1.53,1.83,2.98,4.5,9.9,4.4,2.8,1.71,1.46,1.62,2.04,3.78,5.95,1.56,1.86,2.09,2.85,2.17,3.05,2.34,2.19,10.0,3.08,1.71,1.27,1.08,1.02,1.03,1.22,1.74,2.7,5.7,13.2
3369091_1,2026-02-18 21:00:00,Wolverhampton,Arsenal,Premier League,1.25,5.5,9.9,3.28,1.05,,,,,,,,,,4.05,2.11,1.5,1.22,1.23,1.66,2.48,4.25,,,,,,,,,1.98,1.53,,,2.07,1.59,,,13.8,3.68,1.93,1.36,1.12,1.03,1.02,1.16,1.56,2.36,4.35,9.5
3367542_1,2026-02-19 23:30:00,Atletico Paranaense,Corinthians,Série A,2.68,2.75,2.26,1.31,1.41,1.28,3.4,1.89,1.55,1.33,1.8,3.12,4.95,11.5,3.55,1.98,1.63,1.39,1.95,3.52,5.55,13.5,,,,,,,,,1.75,1.64,2.29,2.41,2.4,2.65,2.82,2.0,7.05,2.31,1.44,1.14,1.03,1.01,1.05,1.3,1.97,3.08,7.9,21.0
3372356_1,2026-02-20 18:30:00,Greuther Furth,Arminia Bielefeld,Bundesliga 2,2.03,3.2,2.68,1.53,1.33,1.2,5.15,2.58,2.01,1.6,1.8,2.82,4.1,8.4,4.75,2.37,1.8,1.45,1.57,2.33,3.38,6.55,4.45,2.85,1.71,1.43,1.48,1.81,3.12,4.65,1.5,1.95,2.19,3.52,1.98,2.92,2.14,2.25,11.8,3.18,1.82,1.32,1.1,1.02,1.02,1.17,1.59,2.38,4.35,9.5
3372355_1,2026-02-20 18:30:00,Bochum,Nurnberg,Bundesliga 2,2.72,3.3,1.97,1.32,1.56,,5.65,2.65,1.97,1.52,1.48,2.07,2.88,5.15,,,,,,,,,,,,,,,,,1.4,2.15,1.84,3.2,,,,,15.0,3.88,2.04,1.43,1.15,1.04,1.01,1.12,1.45,2.08,3.45,6.9
3372451_1,2026-02-20 20:00:00,Dunkerque,Bastia,Ligue 2 BKT®,3.85,3.25,1.74,1.15,1.56,1.19,,,,,,,,,,,,,,,,,,,,,,,,,,,,,,,,,,,,,,,,,,,,
3372449_1,2026-02-20 20:00:00,Rodez,Montpellier,Ligue 2 BKT®,2.48,3.08,2.43,1.3,1.31,,,,,,,,,,,,,,,,,,,,,,,,,,,,,,,,,,,,,,,,,,,,,
3372351_1,2026-02-20 20:00:00,FC Annecy,Red Star FC,Ligue 2 BKT®,2.68,2.82,2.42,1.34,1.41,1.25,,,,,,,,,,,,,,,,,,,,,,,,,1.72,1.67,2.37,2.6,2.44,2.75,2.88,2.1,7.5,2.6,1.48,1.16,1.04,1.01,1.05,1.3,1.98,3.15,8.25,22.0
3372353_1,2026-02-20 20:00:00,Boulogne,Clermont,Ligue 2 BKT®,2.82,2.98,2.23,,1.48,,,,,,,,,,4.25,2.24,1.81,1.52,2.0,3.5,5.45,13.0,,,,,,,,,1.66,1.73,,,2.45,3.08,,,8.5,2.82,1.56,1.19,1.05,1.01,1.04,1.26,1.86,2.92,7.05,18.2
3372450_1,2026-02-20 20:00:00,Nancy,Grenoble,Ligue 2 BKT®,2.98,3.02,2.12,1.23,1.39,,,,,,,,,,,,,,,,,,,,,,,,,,,,,,,,,,,,,,,,,,,,,
3372429_1,2026-02-20 20:30:00,AD Ceuta,Grenade,LaLiga2,2.62,2.92,2.19,1.24,1.31,,,,,,,,,,,,,,,,,,,,,,,,,,,,,,,,,,,,,,,,,,,,,
3372427_1,2026-02-20 20:30:00,Frosinone,Empoli,Serie B,3.18,3.22,1.83,,1.53,,,,,,,,,,,,,,,,,,,,,,,,,,,,,,,,,,,,,,,,,,,,,
3369290_1,2026-02-20 20:30:00,Mayence,Hambourg,Bundesliga,3.25,3.12,2.0,1.25,1.59,,4.35,2.19,1.69,1.38,1.58,2.44,3.65,7.55,,,,,,,,,,,,,,,,,1.57,1.84,1.98,2.52,,,,,10.0,3.28,1.69,1.26,1.07,1.02,1.03,1.2,1.7,2.6,5.6,13.5
3369382_1,2026-02-20 20:45:00,Sassuolo,Hellas Verone,Serie A,3.95,2.95,1.82,,1.72,,,,,,,,,,4.05,2.28,1.93,1.65,2.55,5.3,8.5,24.5,,,,,,,,,1.86,1.56,,,2.88,3.15,,,7.05,2.39,1.47,1.15,1.03,1.01,1.06,1.35,2.09,3.42,9.0,24.5
3369063_1,2026-02-20 20:45:00,Brest,Marseille,Ligue 1 McDonald's®,1.78,3.52,3.65,1.81,1.21,1.18,,,,,,,,,4.9,2.37,1.75,1.4,1.45,2.07,3.05,5.7,4.9,3.02,1.77,1.47,1.47,1.81,3.08,4.7,1.54,1.96,2.47,4.3,1.87,2.5,2.13,2.18,12.8,3.62,1.9,1.35,1.12,1.03,1.02,1.17,1.58,2.38,4.5,9.7
3372359_1,2026-02-20 21:00:00,Blackburn,Preston North End,Championship,3.2,2.98,1.88,1.22,1.6,1.24,3.58,1.93,1.53,1.29,1.59,2.52,3.92,8.15,4.2,2.28,1.88,1.56,2.13,3.85,5.9,14.5,3.7,2.43,1.57,1.36,1.63,2.1,3.98,6.35,1.69,1.7,2.11,2.27,2.55,3.25,2.58,2.01,8.3,2.58,1.56,1.19,1.05,1.01,1.04,1.26,1.85,2.92,6.45,16.0
3369352_1,2026-02-20 21:00:00,Athletic Bilbao,Elche,LaLiga,4.8,3.5,1.57,1.12,2.03,1.19,3.75,1.97,1.49,1.25,1.44,2.15,3.38,6.6,5.3,2.85,2.39,1.98,2.78,5.5,8.4,23.0,4.1,2.55,1.61,1.37,1.55,1.99,3.62,5.95,1.75,1.64,2.03,1.94,3.08,4.2,2.52,1.88,9.55,2.92,1.67,1.24,1.07,1.01,1.03,1.24,1.78,2.82,6.1,14.8
3372659_1,2026-02-21 13:00:00,Darmstadt,Dusseldorf,Bundesliga 2,3.12,3.08,1.87,1.24,1.63,1.21,4.8,2.34,1.77,1.4,1.45,2.08,2.95,5.45,5.65,2.72,2.17,1.71,1.88,3.0,4.25,9.0,4.85,3.05,1.79,1.48,1.46,1.77,2.95,4.35,1.46,2.02,1.84,2.78,2.23,4.1,2.12,2.33,12.2,3.42,1.88,1.36,1.12,1.03,1.02,1.15,1.54,2.26,4.05,8.4
3372357_1,2026-02-21 13:30:00,Hull City,QPR,Championship,3.0,3.1,1.9,1.25,1.59,1.23,4.1,2.13,1.65,1.35,1.55,2.35,3.52,6.9,4.75,2.46,1.98,1.61,1.98,3.32,4.95,11.0,4.1,2.65,1.64,1.39,1.54,1.92,3.45,5.3,1.58,1.83,2.01,2.52,2.38,3.5,2.32,2.13,10.0,2.85,1.7,1.26,1.07,1.01,1.03,1.21,1.69,2.6,5.15,11.8
3372361_1,2026-02-21 13:30:00,Swansea,Bristol City,Championship,3.05,3.05,1.91,1.25,1.58,1.23,3.98,2.08,1.61,1.34,1.56,2.4,3.62,7.3,4.55,2.4,1.94,1.59,2.0,3.42,5.15,11.8,3.98,2.58,1.62,1.39,1.57,1.97,3.6,5.6,1.61,1.79,2.04,2.47,2.41,3.42,2.39,2.1,9.5,2.78,1.66,1.24,1.07,1.01,1.03,1.22,1.74,2.68,5.45,12.8
3372369_1,2026-02-21 13:30:00,West Bromwich,Coventry City,Championship,2.12,3.05,2.62,1.46,1.33,1.23,4.6,2.37,1.87,1.53,1.81,2.92,4.3,9.2,4.35,2.23,1.74,1.42,1.63,2.52,3.75,7.6,4.15,2.7,1.66,1.41,1.54,1.92,3.45,5.25,1.55,1.87,2.21,3.22,2.06,2.8,2.29,2.18,10.2,2.9,1.71,1.26,1.08,1.02,1.02,1.2,1.68,2.58,5.05,11.5
3372358_1,2026-02-21 13:30:00,Stoke City,Leicester,Championship,3.1,3.02,1.9,1.24,1.59,1.23,3.82,2.02,1.58,1.32,1.57,2.43,3.72,7.55,4.45,2.36,1.92,1.58,2.05,3.58,5.4,12.5,3.9,2.52,1.61,1.38,1.59,2.01,3.72,5.85,1.64,1.76,2.06,2.39,2.46,3.38,2.45,2.07,9.1,2.7,1.62,1.22,1.06,1.01,1.03,1.23,1.77,2.75,5.75,13.8
3369342_1,2026-02-21 14:00:00,Real Sociedad,Real Oviedo,LaLiga,5.3,3.5,1.52,1.11,2.12,1.18,3.58,1.9,1.45,1.22,1.43,2.14,3.4,6.7,5.25,2.88,2.44,2.02,2.98,6.15,9.5,27.5,4.0,2.49,1.6,1.35,1.56,2.02,3.68,6.15,1.81,1.59,2.07,1.84,3.25,4.25,,,9.0,2.85,1.64,1.23,1.06,1.01,1.04,1.25,1.82,2.9,6.4,15.5
3372668_1,2026-02-21 14:00:00,Reims,Amiens,Ligue 2 BKT®,7.45,4.4,1.28,1.05,2.92,,4.4,2.21,1.56,1.25,1.24,1.65,2.42,4.1,7.8,4.15,3.55,2.85,3.7,7.65,11.5,30.0,4.9,2.82,1.7,1.37,1.32,1.62,2.58,4.0,1.78,1.61,2.01,1.79,4.35,7.2,,,14.0,4.05,1.95,1.37,1.13,1.03,1.01,1.14,1.5,2.21,4.1,9.0
3369384_1,2026-02-21 15:00:00,Juventus,Come,Serie A,2.82,3.18,2.13,,1.51,,,,,,,,,,4.45,2.35,1.88,1.57,2.02,3.45,5.4,12.5,,,,,,,,,1.64,1.75,,,2.38,3.05,,,9.35,2.82,1.63,1.22,1.06,1.01,1.03,1.26,1.83,2.92,6.5,16.0
3369286_1,2026-02-21 15:30:00,Union Berlin,Bayer Leverkusen,Bundesliga,2.23,3.18,2.72,1.47,1.35,1.24,4.95,2.47,1.94,1.57,1.85,3.0,4.45,9.75,4.7,2.34,1.81,1.47,1.69,2.65,3.95,8.25,4.5,2.85,1.73,1.46,1.59,1.98,3.6,5.6,1.54,1.89,2.18,3.22,2.05,2.85,2.27,2.21,10.8,3.35,1.72,1.27,1.08,1.02,1.02,1.2,1.67,2.55,5.35,12.8
3369288_1,2026-02-21 15:30:00,Bayern Munich,Eintracht Frankfurt,Bundesliga,10.2,6.85,1.13,1.03,,,8.05,3.7,2.31,1.61,1.08,1.22,1.51,2.09,,,,,,,,,,,,,,,,,1.49,1.96,1.57,2.0,,,,,40.0,9.9,3.2,2.06,1.49,1.21,1.01,1.03,1.15,1.44,1.97,3.28
3369289_1,2026-02-21 15:30:00,Cologne,Hoffenheim,Bundesliga,2.05,3.5,2.8,1.56,1.32,1.21,6.6,3.05,2.31,1.78,1.8,2.7,3.8,7.5,6.0,2.78,2.03,1.57,1.54,2.17,3.05,5.65,5.55,3.4,1.89,1.55,1.44,1.72,2.8,4.1,1.4,2.14,2.09,4.05,1.86,3.2,1.95,2.44,15.5,4.45,2.03,1.42,1.15,1.04,1.01,1.12,1.46,2.1,3.75,7.9
3369285_1,2026-02-21 15:30:00,VFL Wolfsburg,Augsbourg,Bundesliga,3.38,3.28,1.89,,1.66,,,,,,,,,,,,,,,,,,,,,,,,,,1.46,2.01,1.83,2.72,,,,,12.8,3.98,1.89,1.36,1.12,1.03,1.02,1.15,1.54,2.25,4.3,9.4
3368790_1,2026-02-21 16:00:00,Chelsea,Burnley,Premier League,10.2,6.2,1.2,,3.68,,,,,,,,,,10.5,5.55,4.8,3.78,4.2,8.45,12.5,35.0,,,,,,,,,1.77,1.68,,,4.9,9.55,,,21.0,5.1,2.36,1.57,1.23,1.07,1.01,1.09,1.36,1.91,3.08,5.85
3372376_1,2026-02-21 16:00:00,Watford,Derby County,Championship,3.5,3.05,1.77,1.19,1.69,1.23,3.55,1.92,1.5,1.27,1.54,2.39,3.7,7.5,4.35,2.38,1.96,1.63,2.25,4.15,6.35,15.8,3.72,2.43,1.57,1.35,1.6,2.06,3.85,6.15,1.71,1.68,2.08,2.17,2.68,3.45,2.58,1.98,8.5,2.6,1.58,1.2,1.05,1.01,1.03,1.26,1.83,2.88,6.25,15.5
3372366_1,2026-02-21 16:00:00,Southampton,Charlton,Championship,5.35,3.7,1.38,1.09,2.32,,3.92,2.05,1.51,1.24,1.29,1.79,2.62,4.6,6.1,3.25,2.75,2.19,2.85,5.55,8.2,21.0,4.25,2.62,1.63,1.35,1.38,1.71,2.82,4.35,1.71,1.68,1.92,1.9,3.35,5.3,,,11.5,3.15,1.82,1.31,1.1,1.02,1.02,1.17,1.59,2.39,4.4,9.65
3372364_1,2026-02-21 16:00:00,Millwall,Portsmouth,Championship,4.15,3.2,1.6,,1.89,,,,,,,,,,,,,,,,,,,,,,,,,,1.72,1.67,,,,,,,9.0,2.7,1.62,1.22,1.06,1.01,1.03,1.23,1.77,2.78,5.75,13.8
3372363_1,2026-02-21 16:00:00,Wrexham,Ipswich,Championship,1.89,3.02,3.12,,,,,,,,,,,,,,,,,,,,,,,,,,,,1.63,1.76,,,,,,,9.15,2.72,1.63,1.23,1.06,1.01,1.03,1.23,1.77,2.75,5.7,13.5
3372362_1,2026-02-21 16:00:00,Norwich City,Birmingham,Championship,2.22,3.08,2.47,1.42,,,4.6,2.36,1.85,1.5,1.74,2.75,4.05,8.45,,,,,,,,,,,,,,,,,1.54,1.89,2.15,3.12,,,,,10.5,2.95,1.73,1.27,1.08,1.02,1.02,1.19,1.66,2.52,4.9,11.0
3368783_1,2026-02-21 16:00:00,Brentford,Brighton,Premier League,3.45,3.55,1.93,1.24,1.68,1.23,4.75,2.33,1.75,1.41,1.52,2.23,3.32,6.45,5.65,2.8,2.22,1.78,2.08,3.45,5.1,11.5,4.65,2.92,1.74,1.46,1.52,1.87,3.28,5.1,1.55,1.93,1.93,2.58,2.39,3.9,2.19,2.18,11.8,3.42,1.83,1.32,1.1,1.02,1.02,1.18,1.63,2.49,4.85,10.8
3368785_1,2026-02-21 16:00:00,Aston Villa,Leeds United,Premier League,4.3,3.65,1.72,1.17,1.88,1.22,4.35,2.19,1.63,1.33,1.44,2.1,3.15,6.0,5.75,2.92,2.38,1.92,2.39,4.25,6.3,15.2,4.55,2.82,1.71,1.43,1.51,1.88,3.3,5.2,1.63,1.84,1.92,2.24,2.68,4.3,2.28,2.06,11.2,3.32,1.79,1.3,1.09,1.02,1.02,1.19,1.66,2.55,5.05,11.5
3372360_1,2026-02-21 16:00:00,Middlesbrough,Oxford United,Championship,5.6,3.78,1.36,,2.4,,,,,,,,,,6.2,3.35,2.82,2.27,2.95,5.8,8.65,22.5,,,,,,,,,1.72,1.67,,,3.48,5.5,,,11.5,3.2,1.83,1.32,1.1,1.02,1.02,1.17,1.58,2.37,4.3,9.45
3369341_1,2026-02-21 16:15:00,Betis Seville,Rayo Vallecano,LaLiga,4.0,3.35,1.72,1.17,1.83,1.21,4.1,2.09,1.59,1.31,1.48,2.21,3.38,6.65,5.35,2.75,2.26,1.84,2.39,4.35,6.55,16.2,4.35,2.72,1.68,1.41,1.56,1.97,3.55,5.7,1.64,1.76,1.97,2.2,2.68,3.98,2.39,2.03,10.2,3.08,1.72,1.27,1.08,1.02,1.03,1.22,1.73,2.7,5.65,13.2
3369134_1,2026-02-21 17:00:00,TSV Hartberg,Grazer AK 1902,Bundesliga,2.92,2.85,2.06,1.26,1.48,1.26,,,,,,,,,,,,,,,,,,,,,,,,,1.72,1.67,2.2,2.34,2.47,2.92,2.7,2.01,7.6,2.46,1.51,1.17,1.04,1.01,1.04,1.29,1.94,3.08,7.2,18.5
3369136_1,2026-02-21 17:00:00,SK Rapid,Wolfsberger AC,Bundesliga,2.92,3.1,1.95,1.26,1.54,1.23,,,,,,,,,,,,,,,,,,,,,,,,,1.55,1.87,1.99,2.65,2.31,3.52,2.27,2.17,10.5,2.95,1.73,1.27,1.08,1.02,1.02,1.19,1.66,2.52,4.9,11.0
3369062_1,2026-02-21 17:00:00,Racing Club De Lens,Monaco,Ligue 1 McDonald's®,3.3,3.62,1.85,1.25,1.74,,5.9,2.72,1.96,1.51,1.44,1.97,2.75,4.95,7.1,3.28,2.52,1.94,1.98,3.02,4.25,8.65,,,,,,,,,1.43,2.17,1.79,2.9,2.26,4.65,,,16.0,4.35,2.12,1.46,1.17,1.05,1.01,1.12,1.45,2.1,3.62,7.3
3369135_1,2026-02-21 17:00:00,SCR Altach,Austria Vienne,Bundesliga,2.29,2.92,2.5,1.39,1.35,,,,,,,,,,3.52,1.97,1.6,1.37,1.85,3.18,5.05,11.5,,,,,,,,,1.75,1.65,2.4,2.6,2.35,2.5,,,7.6,2.41,1.49,1.16,1.04,1.01,1.04,1.31,1.97,3.18,7.55,19.8
3369385_1,2026-02-21 18:00:00,Lecce,Inter Milan,Serie A,1.31,4.1,7.5,,1.06,,,,,,,,,,3.3,1.82,1.36,1.17,1.35,1.98,3.2,6.0,,,,,,,,,2.09,1.43,,,2.27,1.54,,,9.35,2.82,1.64,1.22,1.06,1.01,1.03,1.26,1.82,2.92,6.45,16.0
3369339_1,2026-02-21 18:30:00,Osasuna,Real Madrid,LaLiga,1.59,3.75,4.3,2.0,1.15,1.17,6.85,3.32,2.68,2.11,2.41,4.1,5.95,13.5,5.0,2.39,1.73,1.37,1.36,1.88,2.72,4.85,5.1,3.08,1.79,1.46,1.41,1.72,2.82,4.3,1.53,1.9,2.7,5.05,1.81,2.32,2.09,2.13,13.8,3.88,1.98,1.39,1.14,1.04,1.02,1.15,1.53,2.27,4.1,8.65
3369284_1,2026-02-21 18:30:00,RB Leipzig,Dortmund,Bundesliga,2.72,3.58,2.08,1.35,1.54,1.2,,,,,,,,,7.5,3.32,2.47,1.84,1.72,2.46,3.35,6.3,,,,,,,,,1.34,2.3,1.8,3.55,1.99,4.35,1.82,2.6,18.5,5.15,2.21,1.52,1.2,1.06,1.01,1.09,1.37,1.92,3.22,6.45
3368792_1,2026-02-21 18:30:00,West Ham,Bournemouth,Premier League,2.41,3.6,2.5,1.43,1.43,1.23,6.6,2.98,2.21,1.68,1.64,2.35,3.28,6.15,6.6,2.98,2.21,1.68,1.64,2.34,3.25,6.15,5.8,3.52,1.94,1.58,1.43,1.69,2.72,3.95,1.39,2.26,1.93,3.72,1.92,3.7,1.91,2.52,16.2,4.4,2.13,1.47,1.17,1.05,1.01,1.12,1.45,2.08,3.58,7.1
3369060_1,2026-02-21 19:00:00,Toulouse,Paris FC,Ligue 1 McDonald's®,3.82,3.15,1.85,1.2,1.74,1.21,3.4,1.87,1.47,1.27,1.62,2.65,4.35,9.45,,,,,,,,,,,,,,,,,1.83,1.63,2.18,2.04,2.82,3.25,2.78,1.9,7.8,2.52,1.52,1.17,1.04,1.01,1.05,1.32,1.99,3.25,8.05,21.0
3369386_1,2026-02-21 20:45:00,Cagliari,Lazio Rome,Serie A,2.16,2.95,2.98,1.5,1.28,1.26,3.8,2.12,1.75,1.5,2.17,4.05,6.6,17.2,3.45,1.92,1.55,1.33,1.81,3.12,5.15,12.2,3.58,2.36,1.57,1.38,1.81,2.4,5.0,8.6,1.79,1.61,2.55,2.75,2.29,2.26,2.82,1.95,7.35,2.41,1.48,1.15,1.03,1.01,1.05,1.34,2.07,3.42,8.85,24.0
3369329_1,2026-02-21 21:00:00,Atletico Madrid,Espanyol Barcelone,LaLiga,6.85,4.0,1.36,1.07,2.55,,3.98,2.04,1.49,1.23,1.3,1.82,2.75,4.95,6.55,3.52,3.02,2.45,3.42,7.15,10.8,30.0,,,,,,,,,1.8,1.6,1.98,1.75,3.72,5.55,,,11.2,3.38,1.82,1.31,1.1,1.02,1.02,1.19,1.64,2.52,4.95,11.0
3368784_1,2026-02-21 21:00:00,Manchester City,Newcastle,Premier League,5.65,4.75,1.42,1.11,2.44,1.14,6.0,2.78,1.88,1.42,1.24,1.57,2.16,3.5,9.3,4.4,3.52,2.68,2.7,4.45,6.3,13.8,6.05,3.52,1.94,1.52,1.28,1.5,2.24,3.25,1.5,2.03,1.69,2.28,3.08,7.15,1.87,2.14,20.0,5.05,2.34,1.57,1.22,1.07,1.01,1.09,1.36,1.92,3.08,5.9
3369059_1,2026-02-21 21:05:00,Paris SG,Metz,Ligue 1 McDonald's®,13.0,7.45,1.1,1.01,5.25,1.03,6.75,3.28,2.08,1.5,1.07,1.23,1.56,2.21,15.2,8.3,7.5,5.8,4.85,9.9,14.8,35.0,7.3,4.0,2.21,1.6,1.1,1.23,1.6,2.19,1.71,1.73,1.72,1.71,6.45,16.5,1.86,1.71,35.0,8.1,3.08,1.96,1.43,1.18,1.01,1.04,1.2,1.54,2.17,3.58
3369387_1,2026-02-22 12:30:00,Genoa,Torino,Serie A,3.05,2.82,2.18,1.27,1.49,1.28,3.25,1.84,1.5,1.31,1.84,3.28,5.45,13.2,3.6,2.04,1.7,1.47,2.22,4.3,7.1,19.2,3.48,2.32,1.56,1.38,1.88,2.52,5.45,9.5,1.84,1.57,2.33,2.18,2.6,2.68,3.0,1.93,6.7,2.31,1.43,1.14,1.03,1.01,1.06,1.38,2.17,3.58,9.9,27.5
3372365_1,2026-02-22 13:00:00,Sheffield United,Sheffield Wednesday,Championship,11.0,5.3,1.11,1.02,4.2,1.05,4.75,2.48,1.68,1.3,1.1,1.33,1.79,2.68,10.0,5.75,5.2,4.1,4.45,10.0,14.8,45.0,5.35,3.08,1.83,1.4,1.15,1.34,1.85,2.65,1.85,1.57,1.9,1.59,5.8,11.2,2.16,1.61,20.0,5.0,2.4,1.61,1.24,1.08,1.01,1.07,1.31,1.79,2.68,4.9
3369337_1,2026-02-22 14:00:00,Getafe,Sevilla,LaLiga,2.92,2.78,2.34,1.3,1.43,,2.92,1.74,1.46,1.3,2.04,3.95,7.0,18.8,,,,,,,,,,,,,,,,,2.0,1.47,2.58,2.08,,,,,5.7,2.07,1.33,1.09,1.02,1.01,1.09,1.48,2.44,4.1,13.5,40.0
3369131_1,2026-02-22 14:30:00,Sturm Graz,Blau-Weiss Linz,Bundesliga,4.9,3.28,1.49,1.11,2.03,1.19,3.55,1.9,1.45,1.22,1.37,2.01,3.05,5.7,5.1,2.78,2.35,1.92,2.7,5.4,8.0,21.5,3.98,2.49,1.59,1.34,1.49,1.9,3.32,5.25,1.75,1.64,2.0,1.91,3.12,4.4,2.52,1.88,9.2,2.78,1.66,1.24,1.07,1.01,1.03,1.22,1.73,2.68,5.4,12.8
3369132_1,2026-02-22 14:30:00,WSG Swarovski Tirol,SV Ried,Bundesliga,2.06,2.98,2.8,1.48,1.28,1.24,4.1,2.21,1.79,1.49,1.97,3.4,5.25,12.2,,,,,,,,,,,,,,,,,1.67,1.72,2.4,3.02,2.16,2.47,2.52,2.04,8.5,2.58,1.57,1.2,1.05,1.01,1.04,1.26,1.84,2.9,6.35,15.8
3369058_1,2026-02-22 15:00:00,Auxerre,Rennes,Ligue 1 McDonald's®,2.17,3.18,2.75,,,,4.9,2.46,1.94,1.58,1.89,3.1,4.65,10.2,4.55,2.3,1.78,1.46,1.69,2.65,3.98,8.35,,,,,,,,,1.58,1.89,2.23,3.22,2.06,2.78,,,10.2,2.98,1.7,1.26,1.07,1.02,1.02,1.2,1.69,2.6,5.55,12.8
3369389_1,2026-02-22 15:00:00,Atalanta Bergame,Naples,Serie A,2.92,2.98,2.17,1.29,1.5,1.26,3.9,2.06,1.63,1.37,1.73,2.85,4.5,10.0,4.25,2.25,1.83,1.53,2.03,3.6,5.6,13.5,3.95,2.58,1.64,1.42,1.71,2.21,4.35,7.15,1.67,1.72,2.15,2.46,2.38,2.98,2.58,2.06,8.45,2.7,1.58,1.2,1.05,1.01,1.04,1.28,1.9,3.05,7.1,17.5
3368791_1,2026-02-22 15:00:00,Sunderland,Fulham,Premier League,2.68,3.2,2.49,,1.4,,,,,,,,,,,,,,,,,,,,,,,,,,1.71,1.74,,,,,,,8.45,2.65,1.57,1.19,1.05,1.01,1.04,1.29,1.92,3.1,7.3,18.5
3368793_1,2026-02-22 15:00:00,Nottingham Forest,Liverpool,Premier League,1.76,3.75,3.92,1.83,1.19,1.21,6.35,3.1,2.46,1.95,2.22,3.68,5.4,12.0,4.95,2.39,1.75,1.39,1.43,2.02,2.95,5.45,4.95,3.02,1.77,1.47,1.45,1.78,3.0,4.55,1.54,1.96,2.52,4.5,1.85,2.47,2.1,2.17,13.2,3.7,1.93,1.36,1.12,1.03,1.02,1.16,1.56,2.34,4.35,9.35
3368796_1,2026-02-22 15:00:00,Crystal Palace,Wolverhampton,Premier League,5.3,3.88,1.55,1.13,2.13,1.19,3.85,2.01,1.5,1.25,1.41,2.06,3.2,6.1,,,,,,,,,,,,,,,,,1.78,1.67,2.01,1.92,,,,,10.2,3.05,1.71,1.26,1.08,1.02,1.03,1.22,1.73,2.72,5.7,13.5
3369287_1,2026-02-22 15:30:00,Fribourg,M'gladbach,Bundesliga,3.52,3.15,1.85,,,,4.3,2.16,1.66,1.36,1.53,2.34,3.5,7.1,,,,,,,,,,,,,,,,,1.57,1.84,1.95,2.44,,,,,9.7,3.02,1.7,1.26,1.08,1.02,1.03,1.2,1.69,2.58,5.5,12.5
3369330_1,2026-02-22 16:15:00,FC Barcelone,Levante,LaLiga,11.8,7.0,1.11,,,,7.05,3.38,2.13,1.52,1.07,1.23,1.55,2.18,15.5,8.15,7.3,5.55,4.5,8.85,13.0,30.0,7.55,4.15,2.25,1.63,1.1,1.23,1.59,2.17,1.63,1.77,1.68,1.78,6.0,16.5,1.81,1.78,40.0,7.9,3.02,1.95,1.43,1.17,1.01,1.04,1.18,1.5,2.11,3.48
3369133_1,2026-02-22 17:00:00,LASK Linz,RB Salzbourg,Bundesliga,2.19,3.2,2.44,,,,5.2,2.55,1.97,1.56,1.69,2.55,3.68,7.25,5.1,2.5,1.91,1.51,1.62,2.4,3.45,6.7,4.6,2.95,1.74,1.45,1.46,1.78,3.0,4.45,1.45,1.97,2.07,3.4,2.01,3.2,2.08,2.31,12.5,3.32,1.87,1.34,1.11,1.03,1.02,1.15,1.55,2.3,4.15,8.8
3369064_1,2026-02-22 17:15:00,Nantes,Le Havre,Ligue 1 McDonald's®,2.95,3.08,2.1,,,,3.92,2.07,1.63,1.38,1.72,2.82,4.45,9.75,4.3,2.3,1.86,1.56,2.06,3.65,5.7,13.8,3.92,2.55,1.63,1.4,1.69,2.18,4.25,7.0,1.7,1.75,2.16,2.44,2.42,3.02,2.55,2.04,8.45,2.6,1.57,1.19,1.05,1.01,1.04,1.26,1.85,2.92,7.0,17.5
3369065_1,2026-02-22 17:15:00,Nice,Lorient,Ligue 1 McDonald's®,3.0,3.3,1.98,,,,4.75,2.35,1.78,1.44,1.58,2.38,3.55,7.05,5.4,2.68,2.1,1.69,1.98,3.22,4.8,10.5,4.6,2.9,1.73,1.46,1.54,1.91,3.4,5.25,1.55,1.94,1.97,2.7,2.29,3.6,2.21,2.19,11.2,3.2,1.77,1.29,1.09,1.02,1.02,1.18,1.62,2.46,5.0,11.2
3369061_1,2026-02-22 17:15:00,Angers,Lille,Ligue 1 McDonald's®,1.68,3.32,4.1,,,,5.0,2.65,2.21,1.83,2.52,4.75,7.35,19.2,3.78,1.99,1.52,1.28,1.5,2.3,3.62,7.3,4.05,2.55,1.62,1.38,1.6,2.05,3.82,6.25,1.74,1.71,2.82,3.82,2.04,2.08,2.52,1.94,9.0,2.75,1.62,1.22,1.06,1.01,1.03,1.24,1.78,2.78,6.35,15.5
3368798_1,2026-02-22 17:30:00,Tottenham,Arsenal,Premier League,1.44,3.8,5.4,,,,6.3,3.3,2.75,2.23,2.92,5.65,8.45,22.5,4.15,2.11,1.55,1.27,1.35,1.9,2.88,5.25,4.5,2.72,1.67,1.39,1.44,1.81,3.08,4.9,1.73,1.72,3.22,5.05,1.93,1.94,2.34,1.89,11.2,3.22,1.69,1.26,1.07,1.01,1.01,1.15,1.54,2.25,4.9,11.0
3369282_1,2026-02-22 17:30:00,St. Pauli,Werder Breme,Bundesliga,2.32,2.95,2.7,,,,,,,,,,,,3.7,2.02,1.64,1.4,1.89,3.32,5.35,12.8,,,,,,,,,1.73,1.66,,,2.3,2.5,,,7.4,2.42,1.48,1.16,1.04,1.01,1.05,1.31,1.97,3.15,8.25,21.5
3369390_1,2026-02-22 18:00:00,Milan AC,Parme,Serie A,7.7,4.6,1.26,,,,3.88,2.03,1.47,1.21,1.28,1.78,2.72,4.85,6.9,3.88,3.32,2.72,3.95,8.65,13.5,40.0,4.3,2.55,1.6,1.32,1.37,1.73,2.88,4.65,1.91,1.52,2.07,1.64,4.3,5.9,2.49,1.65,12.0,3.2,1.83,1.31,1.1,1.02,1.02,1.19,1.63,2.52,4.95,11.2
3369335_1,2026-02-22 18:30:00,Celta Vigo,Majorque,LaLiga,4.0,3.15,1.78,,,,3.48,1.88,1.47,1.26,1.57,2.5,4.05,8.6,4.5,2.46,2.06,1.73,2.55,5.0,7.85,21.5,3.8,2.44,1.59,1.37,1.68,2.21,4.3,7.3,1.78,1.62,,,2.85,3.48,2.72,1.91,7.85,2.5,1.53,1.18,1.04,1.01,1.04,1.28,1.9,3.02,7.5,19.2
3369283_1,2026-02-22 19:30:00,Heidenheim,Stuttgart,Bundesliga,1.54,3.85,4.3,,,,7.65,3.58,2.85,2.19,2.32,3.78,5.35,11.5,5.6,2.6,1.83,1.42,1.33,1.78,2.5,4.3,5.65,3.35,1.89,1.52,1.37,1.64,2.58,3.82,1.46,2.02,2.6,5.5,1.74,2.47,1.96,2.24,15.8,4.2,2.08,1.45,1.16,1.05,1.01,1.11,1.43,2.04,3.58,7.15
3369066_1,2026-02-22 20:45:00,Strasbourg,Lyon,Ligue 1 McDonald's®,2.65,3.32,2.16,,,,4.85,2.42,1.85,1.49,1.68,2.58,3.85,7.9,5.15,2.55,1.99,1.61,1.86,2.95,4.4,9.45,4.5,2.88,1.72,1.45,1.55,1.92,3.45,5.35,1.55,1.94,2.05,2.9,2.2,3.3,2.2,2.2,11.2,3.15,1.76,1.29,1.09,1.02,1.02,1.19,1.63,2.49,5.1,11.5
3369392_1,2026-02-22 20:45:00,AS Rome,Cremonese,Serie A,7.35,4.2,1.3,,,,3.35,1.84,1.38,1.17,1.36,1.99,3.2,6.05,5.8,3.4,2.92,2.44,4.05,9.4,15.0,50.0,3.82,2.31,1.52,1.28,1.46,1.92,3.4,5.8,2.04,1.45,2.23,1.58,4.3,4.95,2.78,1.6,9.5,2.75,1.65,1.23,1.06,1.01,1.03,1.25,1.81,2.9,6.35,15.8
3369343_1,2026-02-22 21:00:00,Villarreal,Valence,LaLiga,4.15,3.52,1.65,,,,4.45,2.21,1.64,1.33,1.42,2.04,3.05,5.75,5.95,3.02,2.46,1.97,2.43,4.3,6.4,15.5,4.6,2.85,1.71,1.43,1.48,1.84,3.2,5.0,1.59,1.81,1.9,2.23,2.72,4.45,2.24,,11.5,3.25,1.79,1.3,1.09,1.02,1.02,1.18,1.61,2.43,4.9,10.8
3369393_1,2026-02-23 18:30:00,Fiorentina,Pise,Serie A,4.25,3.52,1.61,,,,4.35,2.18,1.62,1.32,1.43,2.07,3.1,5.9,5.8,2.95,2.41,1.95,2.43,4.35,6.45,15.8,4.55,2.82,1.71,1.43,1.5,1.87,3.28,5.15,1.61,1.79,1.91,2.21,,,,,11.0,3.18,1.8,1.31,1.1,1.02,1.02,1.19,1.66,2.55,5.05,11.2
3369395_1,2026-02-23 20:45:00,Bologne,Udinese,Serie A,4.05,3.28,1.71,,,,,,,,,,,,4.5,2.48,2.07,1.74,2.55,5.0,8.0,21.5,,,,,,,,,1.79,1.61,,,2.88,3.45,,,8.0,2.58,1.55,1.19,1.05,1.01,1.04,1.3,1.94,3.15,7.55,19.5
3368797_1,2026-02-23 21:00:00,Everton,Manchester United,Premier League,1.78,3.48,3.45,,,,6.05,2.95,2.33,1.85,2.12,3.48,5.1,11.2,4.95,2.39,1.77,1.41,1.48,2.12,3.1,5.85,4.85,3.02,1.77,1.47,1.48,1.82,3.12,4.75,1.53,1.97,2.41,4.2,1.88,2.55,2.13,2.2,12.2,3.45,1.75,1.29,1.09,1.02,1.01,1.13,1.49,2.15,4.5,9.8
3369331_1,2026-02-23 21:00:00,Alaves,Gerone,LaLiga,3.08,2.82,2.23,,,,3.32,1.85,1.51,1.31,1.82,3.22,5.35,13.0,3.65,2.05,1.71,1.47,2.18,4.2,6.85,18.5,3.55,2.35,1.58,1.39,1.87,2.5,5.35,9.25,1.81,1.59,2.3,2.21,2.55,2.7,2.95,1.96,6.6,2.28,1.42,1.13,1.03,1.01,1.06,1.35,2.09,3.35,9.6,26.0
3367682_1,2026-02-25 19:00:00,Flamengo,Mirassol FC SP,Série A,5.8,3.65,1.33,,,,3.58,1.93,1.43,1.2,1.3,1.83,2.75,4.9,,,,,,,,,,,,,,,,,,,2.03,1.75,3.7,5.2,2.5,1.75,,,,,,,,,,,,
3367683_1,2026-02-25 19:00:00,Botafogo,Vitoria,Série A,4.9,3.45,1.41,,,,3.58,1.93,1.45,1.22,1.35,1.94,2.95,5.4,5.4,2.95,2.49,2.03,2.85,5.7,8.65,23.0,3.92,2.45,1.57,1.32,1.45,1.84,3.15,5.0,,,2.02,1.86,3.32,4.65,2.48,1.82,,,,,,,,,,,,
3367684_1,2026-02-25 19:00:00,EC Bahia,Chapecoense,Série A,4.9,3.38,1.43,,,,3.35,1.84,1.4,1.2,1.39,2.04,3.2,6.0,5.0,2.82,2.38,1.97,2.95,6.1,9.4,26.0,,,,,,,,,,,2.1,1.8,3.42,4.35,2.62,1.78,,,,,,,,,,,,
3367677_1,2026-02-25 23:00:00,Clube Do Remo,Internacional,Série A,2.17,2.8,2.62,,,,3.75,2.06,1.68,1.42,1.92,3.38,5.25,12.5,3.58,1.96,1.58,1.34,1.76,2.95,4.65,10.5,,,,,,,,,,,2.37,2.78,2.24,2.48,,,,,,,,,,,,,,
3367678_1,2026-02-25 23:00:00,Red Bull Bragantino,Atletico Paranaense,Série A,3.32,2.98,1.77,,,,3.05,1.76,1.41,1.24,1.67,2.75,4.6,10.0,3.72,2.18,1.81,1.55,2.43,4.8,7.85,21.0,,,,,,,,,,,2.33,1.99,2.92,3.0,2.9,1.83,,,,,,,,,,,,
3367687_1,2026-02-26 00:00:00,Cruzeiro,Corinthians,Série A,3.8,2.92,1.68,,,,3.48,1.88,1.47,1.24,1.49,2.29,3.55,7.1,4.45,2.42,2.02,1.68,2.34,4.45,6.75,17.5,3.8,2.46,1.59,1.36,1.6,2.05,3.8,6.1,,,2.04,2.08,2.75,3.65,2.6,1.97,,,,,,,,,,,,
3367686_1,2026-02-26 01:30:00,Palmeiras,Fluminense,Série A,4.35,3.18,1.53,,,,3.48,1.88,1.45,1.22,1.42,2.12,3.28,6.25,4.85,2.65,2.23,1.83,2.6,5.1,7.8,20.5,3.8,2.42,1.56,1.33,1.53,1.95,3.52,5.6,,,2.04,1.95,3.05,4.05,2.55,1.88,,,,,,,,,,,,
3367685_1,2026-02-26 01:30:00,Gremio,Atletico Mineiro,Série A,3.02,2.92,1.9,,,,3.68,1.97,1.56,1.31,1.6,2.55,3.92,8.15,4.2,2.28,1.86,1.55,2.06,3.65,5.6,13.2,3.75,2.46,1.58,1.36,1.62,2.07,3.92,6.25,,,,,2.48,3.22,2.52,2.04,,,,,,,,,,,,
3367680_1,2026-02-26 23:00:00,Santos,Vasco da Gama,Série A,3.45,2.82,1.8,,,,,,,,,,,,4.2,2.28,1.9,1.59,2.2,4.15,6.25,16.0,,,,,,,,,,,,,2.6,3.35,,,,,,,,,,,,,,
3367679_1,2026-02-27 00:00:00,Coritiba,Sao Paulo,Série A,2.55,2.68,2.29,,,,3.38,1.9,1.56,1.34,1.84,3.22,5.15,12.0,3.48,1.94,1.6,1.37,1.92,3.45,5.45,13.2,,,,,,,,,,,,,2.38,2.58,2.85,2.0,,,,,,,,,,,,
3371350_1,2026-02-27 21:00:00,Wolverhampton,Aston Villa,Premier League,1.69,3.48,3.82,,,,,,,,,,,,4.5,2.24,1.67,1.35,1.46,2.11,3.15,6.0,,,,,,,,,1.6,1.88,,,1.91,2.34,,,11.2,3.22,1.69,1.26,1.07,1.02,1.01,1.15,1.54,2.24,4.9,11.0
3371351_1,2026-02-28 13:30:00,Bournemouth,Sunderland,Premier League,3.88,3.48,1.68,,,,4.4,2.21,1.65,1.34,1.46,2.13,3.2,6.15,,,,,,,,,,,,,,,,,1.62,1.85,1.92,2.29,,,,,11.0,3.15,1.67,1.25,1.07,1.01,1.02,1.16,1.56,2.28,5.05,11.5
3371353_1,2026-02-28 16:00:00,Newcastle,Everton,Premier League,4.25,3.48,1.62,,,,4.4,2.2,1.63,1.32,1.41,2.04,3.05,5.75,5.95,3.0,2.45,1.97,2.43,4.35,6.4,15.5,4.65,2.85,1.72,1.43,1.49,1.85,3.2,5.0,1.62,1.84,1.89,2.22,2.72,4.45,2.26,2.06,11.2,3.25,1.69,1.26,1.08,1.02,1.01,1.15,1.54,2.24,4.9,11.0
3371354_1,2026-02-28 16:00:00,Burnley,Brentford,Premier League,1.68,3.52,3.85,,,,5.65,2.88,2.34,1.89,2.36,4.15,6.2,14.8,4.35,2.2,1.64,1.34,1.47,2.15,3.25,6.25,4.45,2.78,1.69,1.42,1.51,1.89,3.35,5.25,1.63,1.83,2.68,4.15,1.94,2.27,2.27,2.05,11.0,3.12,1.66,1.24,1.07,1.01,1.02,1.16,1.57,2.3,5.15,11.8
3371355_1,2026-02-28 16:00:00,Liverpool,West Ham,Premier League,6.05,4.75,1.31,,,,5.95,2.78,1.86,1.41,1.21,1.51,2.06,3.28,9.85,4.7,3.85,2.95,2.95,5.05,7.2,16.2,6.1,3.5,1.94,1.51,1.25,1.46,2.15,3.12,1.53,1.97,1.69,2.14,3.38,7.9,1.88,2.05,21.0,5.0,2.15,1.5,1.19,1.06,1.01,1.07,1.29,1.75,3.0,5.65
3371352_1,2026-02-28 18:30:00,Leeds United,Manchester City,Premier League,1.51,3.92,4.5,,,,7.1,3.48,2.82,2.21,2.52,4.3,6.3,14.5,5.0,2.41,1.72,1.36,1.34,1.83,2.65,4.65,5.1,3.05,1.78,1.45,1.39,1.69,2.75,4.15,1.57,1.92,2.85,5.3,1.81,2.25,2.07,2.08,14.2,3.75,1.85,1.33,1.11,1.03,1.01,1.11,1.43,2.04,4.05,8.45
3371358_1,2026-03-01 15:00:00,Manchester United,Crystal Palace,Premier League,4.65,3.82,1.51,,,,4.8,2.34,1.68,1.34,1.34,1.85,2.68,4.8,6.9,3.4,2.78,2.19,2.55,4.5,6.55,15.5,5.0,3.0,1.77,1.44,1.4,1.72,2.82,4.3,1.59,1.89,1.83,2.2,2.88,5.2,2.12,2.06,13.5,3.65,1.81,1.32,1.1,1.02,1.01,1.12,1.45,2.08,4.2,8.9
3371357_1,2026-03-01 15:00:00,Fulham,Tottenham,Premier League,2.9,3.25,2.05,,,,,,,,,,,,5.35,2.62,2.07,1.66,1.91,3.08,4.55,9.85,,,,,,,,,1.54,1.97,,,2.22,3.52,,,11.2,3.22,1.69,1.26,1.07,1.02,1.01,1.15,1.54,2.24,4.95,11.0
3371356_1,2026-03-01 15:00:00,Brighton,Nottingham Forest,Premier League,3.1,3.32,1.93,,,,4.65,2.31,1.75,1.42,1.57,2.36,3.52,7.0,5.35,2.68,2.12,1.71,2.02,3.32,4.95,11.0,4.55,2.88,1.72,1.45,1.54,1.92,3.42,5.35,1.57,1.92,1.97,2.62,2.33,3.65,2.23,2.18,11.0,3.15,1.67,1.25,1.07,1.01,1.02,1.16,1.56,2.28,5.1,11.5
3371359_1,2026-03-01 17:30:00,Arsenal,Chelsea,Premier League,4.4,3.42,1.56,,,,4.3,2.16,1.6,1.3,1.39,1.99,2.98,5.55,,,,,,,,,,,,,,,,,1.65,1.8,1.9,2.11,,,,,11.2,3.22,1.69,1.26,1.07,1.02,1.01,1.15,1.54,2.24,4.9,11.0
3371847_1,2026-03-11 01:30:00,Mirassol FC SP,Santos,Série A,3.18,2.78,1.91,,,,,,,,,,,,,,,,,,,,,,,,,,,,,,,,,,,,,,,,,,,,,,,
3371844_1,2026-03-11 23:00:00,Atletico Paranaense,Botafogo,Série A,2.62,2.85,2.14,,,,,,,,,,,,,,,,,,,,,,,,,,,,,,,,,,,,,,,,,,,,,,,
3371845_1,2026-03-11 23:00:00,Atletico Mineiro,Internacional,Série A,2.82,2.7,2.1,,,,,,,,,,,,,,,,,,,,,,,,,,,,,,,,,,,,,,,,,,,,,,,
3371848_1,2026-03-12 00:00:00,EC Bahia,Vitoria,Série A,4.55,2.95,1.56,,,,,,,,,,,,,,,,,,,,,,,,,,,,,,,,,,,,,,,,,,,,,,,
3371843_1,2026-03-12 01:30:00,Flamengo,Cruzeiro,Série A,4.75,3.38,1.44,,,,,,,,,,,,,,,,,,,,,,,,,,,,,,,,,,,,,,,,,,,,,,,
3371846_1,2026-03-12 01:30:00,Corinthians,Coritiba,Série A,5.35,3.52,1.37,,,,,,,,,,,,,,,,,,,,,,,,,,,,,,,,,,,,,,,,,,,,,,,
3371849_1,2026-03-12 23:00:00,Clube Do Remo,Fluminense,Série A,2.01,2.88,2.82,,,,,,,,,,,,,,,,,,,,,,,,,,,,,,,,,,,,,,,,,,,,,,,
3371894_1,2026-03-12 23:30:00,Vasco da Gama,Palmeiras,Série A,1.83,2.98,3.15,,,,,,,,,,,,,,,,,,,,,,,,,,,,,,,,,,,,,,,,,,,,,,,
3371952_1,2026-03-13 00:00:00,Sao Paulo,Chapecoense,Série A,5.35,3.78,1.34,,,,,,,,,,,,,,,,,,,,,,,,,,,,,,,,,,,,,,,,,,,,,,,
3371937_1,2026-03-13 01:30:00,Gremio,Red Bull Bragantino,Série A,2.82,2.95,1.98,,,,,,,,,,,,,,,,,,,,,,,,,,,,,,,,,,,,,,,,,,,,,,,
